<rss version="2.0" xmlns:atom="http://www.w3.org/2005/Atom">
    <channel>
        <title>Posts on Hunter Rodriguez</title>
        <link>https://hunterrodriguez.com/fr/posts/1/01/posts/</link>
        <description>Recent content in Posts on Hunter Rodriguez</description>
        <generator>Hugo -- gohugo.io</generator>
        <copyright>&lt;a href=&#34;https://creativecommons.org/licenses/by-nc/4.0/&#34; target=&#34;_blank&#34; rel=&#34;noopener&#34;&gt;CC BY-NC 4.0&lt;/a&gt;</copyright>
        <atom:link href="https://hunterrodriguez.com/fr/posts/1/01/posts/index.xml" rel="self" type="application/rss+xml" />
        
    </channel>
</rss>
